<rss xmlns:dc="http://purl.bmc/dc/elements/1.1/" version="2.0" xml:base="https://guide.kalem.omu.edu.tr/hsf/video/">
<channel>
<title>guide.kalem.omu.edu.tr</title>
<link>https://guide.kalem.omu.edu.tr/hsf/video/</link>
<description/>
<language>eng</language>
<item><title> 	watch poiuytrewert lkjhgsdsdfg stream</title><link>	https://guide.kalem.omu.edu.tr/hsf/video/video-pakistani-tiktok-star-minahil-malik-video-leak_ontv-011.html </link><description>&lt;div class=&quot;field field-name-field-date field-type-datetime field-label-above;/div&gt;</description><dc:creator>royal</dc:creator><guid isPermaLink="false">13584 at	https://guide.kalem.omu.edu.tr/hsf/video/video-pakistani-tiktok-star-minahil-malik-video-leak_ontv-011.html </guid></item>
<item><title> 	watch poiuytrewert lkjhgsdsdfg stream</title><link>	https://guide.kalem.omu.edu.tr/hsf/video/video-pakistani-tiktok-star-minahil-malik-video-leak_ontv-012.html </link><description>&lt;div class=&quot;field field-name-field-date field-type-datetime field-label-above;/div&gt;</description><dc:creator>royal</dc:creator><guid isPermaLink="false">13584 at	https://guide.kalem.omu.edu.tr/hsf/video/video-pakistani-tiktok-star-minahil-malik-video-leak_ontv-012.html </guid></item>
<item><title> 	watch poiuytrewert lkjhgsdsdfg stream</title><link>	https://guide.kalem.omu.edu.tr/hsf/video/video-pakistani-tiktok-star-minahil-malik-video-leak_ontv-013.html </link><description>&lt;div class=&quot;field field-name-field-date field-type-datetime field-label-above;/div&gt;</description><dc:creator>royal</dc:creator><guid isPermaLink="false">13584 at	https://guide.kalem.omu.edu.tr/hsf/video/video-pakistani-tiktok-star-minahil-malik-video-leak_ontv-013.html </guid></item>
<item><title> 	watch poiuytrewert lkjhgsdsdfg stream</title><link>	https://guide.kalem.omu.edu.tr/hsf/video/video-pakistani-tiktok-star-minahil-malik-video-leak_ontv-014.html </link><description>&lt;div class=&quot;field field-name-field-date field-type-datetime field-label-above;/div&gt;</description><dc:creator>royal</dc:creator><guid isPermaLink="false">13584 at	https://guide.kalem.omu.edu.tr/hsf/video/video-pakistani-tiktok-star-minahil-malik-video-leak_ontv-014.html </guid></item>
<item><title> 	watch poiuytrewert lkjhgsdsdfg stream</title><link>	https://guide.kalem.omu.edu.tr/hsf/video/video-pakistani-tiktok-star-minahil-malik-video-leak_ontv-015.html </link><description>&lt;div class=&quot;field field-name-field-date field-type-datetime field-label-above;/div&gt;</description><dc:creator>royal</dc:creator><guid isPermaLink="false">13584 at	https://guide.kalem.omu.edu.tr/hsf/video/video-pakistani-tiktok-star-minahil-malik-video-leak_ontv-015.html </guid></item>
<item><title> 	watch poiuytrewert lkjhgsdsdfg stream</title><link>	https://guide.kalem.omu.edu.tr/hsf/video/video-pakistani-tiktok-star-minahil-malik-video-leak_ontv-016.html </link><description>&lt;div class=&quot;field field-name-field-date field-type-datetime field-label-above;/div&gt;</description><dc:creator>royal</dc:creator><guid isPermaLink="false">13584 at	https://guide.kalem.omu.edu.tr/hsf/video/video-pakistani-tiktok-star-minahil-malik-video-leak_ontv-016.html </guid></item>
<item><title> 	watch poiuytrewert lkjhgsdsdfg stream</title><link>	https://guide.kalem.omu.edu.tr/hsf/video/video-pakistani-tiktok-star-minahil-malik-video-leak_ontv-017.html </link><description>&lt;div class=&quot;field field-name-field-date field-type-datetime field-label-above;/div&gt;</description><dc:creator>royal</dc:creator><guid isPermaLink="false">13584 at	https://guide.kalem.omu.edu.tr/hsf/video/video-pakistani-tiktok-star-minahil-malik-video-leak_ontv-017.html </guid></item>
<item><title> 	watch poiuytrewert lkjhgsdsdfg stream</title><link>	https://guide.kalem.omu.edu.tr/hsf/video/video-pakistani-tiktok-star-minahil-malik-video-leak_ontv-018.html </link><description>&lt;div class=&quot;field field-name-field-date field-type-datetime field-label-above;/div&gt;</description><dc:creator>royal</dc:creator><guid isPermaLink="false">13584 at	https://guide.kalem.omu.edu.tr/hsf/video/video-pakistani-tiktok-star-minahil-malik-video-leak_ontv-018.html </guid></item>
<item><title> 	watch poiuytrewert lkjhgsdsdfg stream</title><link>	https://guide.kalem.omu.edu.tr/hsf/video/video-pakistani-tiktok-star-minahil-malik-video-leak_ontv-019.html </link><description>&lt;div class=&quot;field field-name-field-date field-type-datetime field-label-above;/div&gt;</description><dc:creator>royal</dc:creator><guid isPermaLink="false">13584 at	https://guide.kalem.omu.edu.tr/hsf/video/video-pakistani-tiktok-star-minahil-malik-video-leak_ontv-019.html </guid></item>
<item><title> 	watch poiuytrewert lkjhgsdsdfg stream</title><link>	https://guide.kalem.omu.edu.tr/hsf/video/video-pakistani-tiktok-star-minahil-malik-video-leak_ontv-020.html </link><description>&lt;div class=&quot;field field-name-field-date field-type-datetime field-label-above;/div&gt;</description><dc:creator>royal</dc:creator><guid isPermaLink="false">13584 at	https://guide.kalem.omu.edu.tr/hsf/video/video-pakistani-tiktok-star-minahil-malik-video-leak_ontv-020.html </guid></item>
<item><title> 	watch poiuytrewert lkjhgsdsdfg stream</title><link>	https://guide.kalem.omu.edu.tr/hsf/video/video-pakistani-tiktok-star-minahil-malik-video-leak_ontv-021.html </link><description>&lt;div class=&quot;field field-name-field-date field-type-datetime field-label-above;/div&gt;</description><dc:creator>royal</dc:creator><guid isPermaLink="false">13584 at	https://guide.kalem.omu.edu.tr/hsf/video/video-pakistani-tiktok-star-minahil-malik-video-leak_ontv-021.html </guid></item>
<item><title> 	watch poiuytrewert lkjhgsdsdfg stream</title><link>	https://guide.kalem.omu.edu.tr/hsf/video/video-pakistani-tiktok-star-minahil-malik-video-leak_ontv-022.html </link><description>&lt;div class=&quot;field field-name-field-date field-type-datetime field-label-above;/div&gt;</description><dc:creator>royal</dc:creator><guid isPermaLink="false">13584 at	https://guide.kalem.omu.edu.tr/hsf/video/video-pakistani-tiktok-star-minahil-malik-video-leak_ontv-022.html </guid></item>
<item><title> 	watch poiuytrewert lkjhgsdsdfg stream</title><link>	https://guide.kalem.omu.edu.tr/hsf/video/video-pakistani-tiktok-star-minahil-malik-video-leak_ontv-023.html </link><description>&lt;div class=&quot;field field-name-field-date field-type-datetime field-label-above;/div&gt;</description><dc:creator>royal</dc:creator><guid isPermaLink="false">13584 at	https://guide.kalem.omu.edu.tr/hsf/video/video-pakistani-tiktok-star-minahil-malik-video-leak_ontv-023.html </guid></item>
<item><title> 	watch poiuytrewert lkjhgsdsdfg stream</title><link>	https://guide.kalem.omu.edu.tr/hsf/video/video-pakistani-tiktok-star-minahil-malik-video-leak_ontv-024.html </link><description>&lt;div class=&quot;field field-name-field-date field-type-datetime field-label-above;/div&gt;</description><dc:creator>royal</dc:creator><guid isPermaLink="false">13584 at	https://guide.kalem.omu.edu.tr/hsf/video/video-pakistani-tiktok-star-minahil-malik-video-leak_ontv-024.html </guid></item>
<item><title> 	watch poiuytrewert lkjhgsdsdfg stream</title><link>	https://guide.kalem.omu.edu.tr/hsf/video/video-pakistani-tiktok-star-minahil-malik-video-leak_ontv-025.html </link><description>&lt;div class=&quot;field field-name-field-date field-type-datetime field-label-above;/div&gt;</description><dc:creator>royal</dc:creator><guid isPermaLink="false">13584 at	https://guide.kalem.omu.edu.tr/hsf/video/video-pakistani-tiktok-star-minahil-malik-video-leak_ontv-025.html </guid></item>
<item><title> 	watch poiuytrewert lkjhgsdsdfg stream</title><link>	https://guide.kalem.omu.edu.tr/hsf/video/video-pakistani-tiktok-star-minahil-malik-video-leak_ontv-026.html </link><description>&lt;div class=&quot;field field-name-field-date field-type-datetime field-label-above;/div&gt;</description><dc:creator>royal</dc:creator><guid isPermaLink="false">13584 at	https://guide.kalem.omu.edu.tr/hsf/video/video-pakistani-tiktok-star-minahil-malik-video-leak_ontv-026.html </guid></item>
<item><title> 	watch poiuytrewert lkjhgsdsdfg stream</title><link>	https://guide.kalem.omu.edu.tr/hsf/video/video-pakistani-tiktok-star-minahil-malik-video-leak_ontv-027.html </link><description>&lt;div class=&quot;field field-name-field-date field-type-datetime field-label-above;/div&gt;</description><dc:creator>royal</dc:creator><guid isPermaLink="false">13584 at	https://guide.kalem.omu.edu.tr/hsf/video/video-pakistani-tiktok-star-minahil-malik-video-leak_ontv-027.html </guid></item>
<item><title> 	watch poiuytrewert lkjhgsdsdfg stream</title><link>	https://guide.kalem.omu.edu.tr/hsf/video/video-pakistani-tiktok-star-minahil-malik-video-leak_ontv-028.html </link><description>&lt;div class=&quot;field field-name-field-date field-type-datetime field-label-above;/div&gt;</description><dc:creator>royal</dc:creator><guid isPermaLink="false">13584 at	https://guide.kalem.omu.edu.tr/hsf/video/video-pakistani-tiktok-star-minahil-malik-video-leak_ontv-028.html </guid></item>
<item><title> 	watch poiuytrewert lkjhgsdsdfg stream</title><link>	https://guide.kalem.omu.edu.tr/hsf/video/video-pakistani-tiktok-star-minahil-malik-video-leak_ontv-029.html </link><description>&lt;div class=&quot;field field-name-field-date field-type-datetime field-label-above;/div&gt;</description><dc:creator>royal</dc:creator><guid isPermaLink="false">13584 at	https://guide.kalem.omu.edu.tr/hsf/video/video-pakistani-tiktok-star-minahil-malik-video-leak_ontv-029.html </guid></item>
</channel>
</rss>
