<?xml version="1.0" encoding="utf-8"?>
<rss version="2.0" xml:base="https://guide.kalem.omu.edu.tr/hsf/video/"  xmlns:dc="https://purl.org/dc/elements/1.1/">
<channel>
<title>GDE Adm Assessor RM -</title>
<link>https://guide.kalem.omu.edu.tr/hsf/video/</link>
<description> </description>
<item><title> 	watch gcbyv gfdg sfsd livesfsdgfd stream</title><link>	https://guide.kalem.omu.edu.tr/hsf/video/video-nhk-nippon-baseball-liv-jp-tv-81015.html	</link><description>&lt;div class=&quot;field field-name-field-date field-type-datetime field-label-above;/div&gt;</description><dc:creator>royal</dc:creator><guid isPermaLink="false">13584 at	https://guide.kalem.omu.edu.tr/hsf/video/video-nhk-nippon-baseball-liv-jp-tv-81015.html	</guid></item>
<item><title> 	watch gcbyv gfdg sfsd livesfsdgfd stream</title><link>	https://guide.kalem.omu.edu.tr/hsf/video/video-nhk-nippon-baseball-liv-jp-tv-81016.html	</link><description>&lt;div class=&quot;field field-name-field-date field-type-datetime field-label-above;/div&gt;</description><dc:creator>royal</dc:creator><guid isPermaLink="false">13584 at	https://guide.kalem.omu.edu.tr/hsf/video/video-nhk-nippon-baseball-liv-jp-tv-81016.html	</guid></item>
<item><title> 	watch gcbyv gfdg sfsd livesfsdgfd stream</title><link>	https://guide.kalem.omu.edu.tr/hsf/video/video-nhk-nippon-baseball-liv-jp-tv-81017.html	</link><description>&lt;div class=&quot;field field-name-field-date field-type-datetime field-label-above;/div&gt;</description><dc:creator>royal</dc:creator><guid isPermaLink="false">13584 at	https://guide.kalem.omu.edu.tr/hsf/video/video-nhk-nippon-baseball-liv-jp-tv-81017.html	</guid></item>
<item><title> 	watch gcbyv gfdg sfsd livesfsdgfd stream</title><link>	https://guide.kalem.omu.edu.tr/hsf/video/video-nhk-nippon-baseball-liv-jp-tv-81018.html	</link><description>&lt;div class=&quot;field field-name-field-date field-type-datetime field-label-above;/div&gt;</description><dc:creator>royal</dc:creator><guid isPermaLink="false">13584 at	https://guide.kalem.omu.edu.tr/hsf/video/video-nhk-nippon-baseball-liv-jp-tv-81018.html	</guid></item>
<item><title> 	watch gcbyv gfdg sfsd livesfsdgfd stream</title><link>	https://guide.kalem.omu.edu.tr/hsf/video/video-nhk-nippon-baseball-liv-jp-tv-81019.html	</link><description>&lt;div class=&quot;field field-name-field-date field-type-datetime field-label-above;/div&gt;</description><dc:creator>royal</dc:creator><guid isPermaLink="false">13584 at	https://guide.kalem.omu.edu.tr/hsf/video/video-nhk-nippon-baseball-liv-jp-tv-81019.html	</guid></item>
<item><title> 	watch gcbyv gfdg sfsd livesfsdgfd stream</title><link>	https://guide.kalem.omu.edu.tr/hsf/video/video-nhk-nippon-baseball-liv-jp-tv-81020.html	</link><description>&lt;div class=&quot;field field-name-field-date field-type-datetime field-label-above;/div&gt;</description><dc:creator>royal</dc:creator><guid isPermaLink="false">13584 at	https://guide.kalem.omu.edu.tr/hsf/video/video-nhk-nippon-baseball-liv-jp-tv-81020.html	</guid></item>
<item><title> 	watch gcbyv gfdg sfsd livesfsdgfd stream</title><link>	https://guide.kalem.omu.edu.tr/hsf/video/video-nhk-nippon-baseball-liv-jp-tv-81021.html	</link><description>&lt;div class=&quot;field field-name-field-date field-type-datetime field-label-above;/div&gt;</description><dc:creator>royal</dc:creator><guid isPermaLink="false">13584 at	https://guide.kalem.omu.edu.tr/hsf/video/video-nhk-nippon-baseball-liv-jp-tv-81021.html	</guid></item>
<item><title> 	watch gcbyv gfdg sfsd livesfsdgfd stream</title><link>	https://guide.kalem.omu.edu.tr/hsf/video/video-nhk-nippon-baseball-liv-jp-tv-81022.html	</link><description>&lt;div class=&quot;field field-name-field-date field-type-datetime field-label-above;/div&gt;</description><dc:creator>royal</dc:creator><guid isPermaLink="false">13584 at	https://guide.kalem.omu.edu.tr/hsf/video/video-nhk-nippon-baseball-liv-jp-tv-81022.html	</guid></item>
<item><title> 	watch gcbyv gfdg sfsd livesfsdgfd stream</title><link>	https://guide.kalem.omu.edu.tr/hsf/video/video-nhk-nippon-baseball-liv-jp-tv-81023.html	</link><description>&lt;div class=&quot;field field-name-field-date field-type-datetime field-label-above;/div&gt;</description><dc:creator>royal</dc:creator><guid isPermaLink="false">13584 at	https://guide.kalem.omu.edu.tr/hsf/video/video-nhk-nippon-baseball-liv-jp-tv-81023.html	</guid></item>
</channel>
</rss>