<?xml version="1.0" encoding="utf-8"?>
<rss version="2.0" xml:base="https://guide.kalem.omu.edu.tr/"  xmlns:dc="https://purl.org/dc/elements/1.1/">
<channel>
<title>LIVE</title>
<link>https://guide.kalem.omu.edu.tr/</link>
<description></description>  

<item><title>watch gcbyv gfdg sfsd livesfsdgfd stream</title><link>	https://guide.kalem.omu.edu.tr/hsf/video/video-americ-hihg-school-vs-st.th-liv-hsf-tvs.7701.html?ets	</link><description>&lt;div class=&quot;field field-name-field-date field-type-datetime field-label-above;/div&gt;</description><dc:creator>royal</dc:creator><guid isPermaLink="false">13584 at	https://guide.kalem.omu.edu.tr/hsf/video/video-americ-hihg-school-vs-st.th-liv-hsf-tvs.7701.html?ets	</guid></item>
<item><title>watch gcbyv gfdg sfsd livesfsdgfd stream</title><link>	https://guide.kalem.omu.edu.tr/hsf/video/video-americ-hihg-school-vs-st.th-liv-hsf-tvs.7702.html?ets	</link><description>&lt;div class=&quot;field field-name-field-date field-type-datetime field-label-above;/div&gt;</description><dc:creator>royal</dc:creator><guid isPermaLink="false">13584 at	https://guide.kalem.omu.edu.tr/hsf/video/video-americ-hihg-school-vs-st.th-liv-hsf-tvs.7702.html?ets	</guid></item>
<item><title>watch gcbyv gfdg sfsd livesfsdgfd stream</title><link>	https://guide.kalem.omu.edu.tr/hsf/video/video-st.th-hihg-school-vs-americ-liv-hsf-tvs.7703.html?ets	</link><description>&lt;div class=&quot;field field-name-field-date field-type-datetime field-label-above;/div&gt;</description><dc:creator>royal</dc:creator><guid isPermaLink="false">13584 at	https://guide.kalem.omu.edu.tr/hsf/video/video-st.th-hihg-school-vs-americ-liv-hsf-tvs.7703.html?ets	</guid></item>
<item><title>watch gcbyv gfdg sfsd livesfsdgfd stream</title><link>	https://guide.kalem.omu.edu.tr/hsf/video/video-st.th-hihg-school-vs-americ-liv-hsf-tvs.7704.html?ets	</link><description>&lt;div class=&quot;field field-name-field-date field-type-datetime field-label-above;/div&gt;</description><dc:creator>royal</dc:creator><guid isPermaLink="false">13584 at	https://guide.kalem.omu.edu.tr/hsf/video/video-st.th-hihg-school-vs-americ-liv-hsf-tvs.7704.html?ets	</guid></item>
<item><title>watch gcbyv gfdg sfsd livesfsdgfd stream</title><link>	https://guide.kalem.omu.edu.tr/hsf/video/video-miami-hihg-school-vs-somers-liv-hsf-tvs.7705.html?ets	</link><description>&lt;div class=&quot;field field-name-field-date field-type-datetime field-label-above;/div&gt;</description><dc:creator>royal</dc:creator><guid isPermaLink="false">13584 at	https://guide.kalem.omu.edu.tr/hsf/video/video-miami-hihg-school-vs-somers-liv-hsf-tvs.7705.html?ets	</guid></item>
<item><title>watch gcbyv gfdg sfsd livesfsdgfd stream</title><link>	https://guide.kalem.omu.edu.tr/hsf/video/video-miami-hihg-school-vs-somers-liv-hsf-tvs.7706.html?ets	</link><description>&lt;div class=&quot;field field-name-field-date field-type-datetime field-label-above;/div&gt;</description><dc:creator>royal</dc:creator><guid isPermaLink="false">13584 at	https://guide.kalem.omu.edu.tr/hsf/video/video-miami-hihg-school-vs-somers-liv-hsf-tvs.7706.html?ets	</guid></item>
<item><title>watch gcbyv gfdg sfsd livesfsdgfd stream</title><link>	https://guide.kalem.omu.edu.tr/hsf/video/video-somers-hihg-school-vs-miami-liv-hsf-tvs.7707.html?ets	</link><description>&lt;div class=&quot;field field-name-field-date field-type-datetime field-label-above;/div&gt;</description><dc:creator>royal</dc:creator><guid isPermaLink="false">13584 at	https://guide.kalem.omu.edu.tr/hsf/video/video-somers-hihg-school-vs-miami-liv-hsf-tvs.7707.html?ets	</guid></item>
<item><title>watch gcbyv gfdg sfsd livesfsdgfd stream</title><link>	https://guide.kalem.omu.edu.tr/hsf/video/video-somers-hihg-school-vs-miami-liv-hsf-tvs.7708.html?ets	</link><description>&lt;div class=&quot;field field-name-field-date field-type-datetime field-label-above;/div&gt;</description><dc:creator>royal</dc:creator><guid isPermaLink="false">13584 at	https://guide.kalem.omu.edu.tr/hsf/video/video-somers-hihg-school-vs-miami-liv-hsf-tvs.7708.html?ets	</guid></item>
<item><title>watch gcbyv gfdg sfsd livesfsdgfd stream</title><link>	https://guide.kalem.omu.edu.tr/hsf/video/video-astron-hihg-school-vs-cocoa-liv-hsf-tvs.7709.html?ets	</link><description>&lt;div class=&quot;field field-name-field-date field-type-datetime field-label-above;/div&gt;</description><dc:creator>royal</dc:creator><guid isPermaLink="false">13584 at	https://guide.kalem.omu.edu.tr/hsf/video/video-astron-hihg-school-vs-cocoa-liv-hsf-tvs.7709.html?ets	</guid></item>
<item><title>watch gcbyv gfdg sfsd livesfsdgfd stream</title><link>	https://guide.kalem.omu.edu.tr/hsf/video/video-astron-hihg-school-vs-cocoa-liv-hsf-tvs.7710.html?ets	</link><description>&lt;div class=&quot;field field-name-field-date field-type-datetime field-label-above;/div&gt;</description><dc:creator>royal</dc:creator><guid isPermaLink="false">13584 at	https://guide.kalem.omu.edu.tr/hsf/video/video-astron-hihg-school-vs-cocoa-liv-hsf-tvs.7710.html?ets	</guid></item>
<item><title>watch gcbyv gfdg sfsd livesfsdgfd stream</title><link>	https://guide.kalem.omu.edu.tr/hsf/video/video-cocoa-hihg-school-vs-astron-liv-hsf-tvs.7711.html?ets	</link><description>&lt;div class=&quot;field field-name-field-date field-type-datetime field-label-above;/div&gt;</description><dc:creator>royal</dc:creator><guid isPermaLink="false">13584 at	https://guide.kalem.omu.edu.tr/hsf/video/video-cocoa-hihg-school-vs-astron-liv-hsf-tvs.7711.html?ets	</guid></item>
<item><title>watch gcbyv gfdg sfsd livesfsdgfd stream</title><link>	https://guide.kalem.omu.edu.tr/hsf/video/video-cocoa-hihg-school-vs-astron-liv-hsf-tvs.7712.html?ets	</link><description>&lt;div class=&quot;field field-name-field-date field-type-datetime field-label-above;/div&gt;</description><dc:creator>royal</dc:creator><guid isPermaLink="false">13584 at	https://guide.kalem.omu.edu.tr/hsf/video/video-cocoa-hihg-school-vs-astron-liv-hsf-tvs.7712.html?ets	</guid></item>
<item><title>watch gcbyv gfdg sfsd livesfsdgfd stream</title><link>	https://guide.kalem.omu.edu.tr/hsf/video/video-imgac-hihg-school-vs-easts-liv-hsf-tvs.7713.html?ets	</link><description>&lt;div class=&quot;field field-name-field-date field-type-datetime field-label-above;/div&gt;</description><dc:creator>royal</dc:creator><guid isPermaLink="false">13584 at	https://guide.kalem.omu.edu.tr/hsf/video/video-imgac-hihg-school-vs-easts-liv-hsf-tvs.7713.html?ets	</guid></item>
<item><title>watch gcbyv gfdg sfsd livesfsdgfd stream</title><link>	https://guide.kalem.omu.edu.tr/hsf/video/video-imgac-hihg-school-vs-easts-liv-hsf-tvs.7714.html?ets	</link><description>&lt;div class=&quot;field field-name-field-date field-type-datetime field-label-above;/div&gt;</description><dc:creator>royal</dc:creator><guid isPermaLink="false">13584 at	https://guide.kalem.omu.edu.tr/hsf/video/video-imgac-hihg-school-vs-easts-liv-hsf-tvs.7714.html?ets	</guid></item>
<item><title>watch gcbyv gfdg sfsd livesfsdgfd stream</title><link>	https://guide.kalem.omu.edu.tr/hsf/video/video-easts-hihg-school-vs-imgac-liv-hsf-tvs.7715.html?ets	</link><description>&lt;div class=&quot;field field-name-field-date field-type-datetime field-label-above;/div&gt;</description><dc:creator>royal</dc:creator><guid isPermaLink="false">13584 at	https://guide.kalem.omu.edu.tr/hsf/video/video-easts-hihg-school-vs-imgac-liv-hsf-tvs.7715.html?ets	</guid></item>
<item><title>watch gcbyv gfdg sfsd livesfsdgfd stream</title><link>	https://guide.kalem.omu.edu.tr/hsf/video/video-easts-hihg-school-vs-imgac-liv-hsf-tvs.7716.html?ets	</link><description>&lt;div class=&quot;field field-name-field-date field-type-datetime field-label-above;/div&gt;</description><dc:creator>royal</dc:creator><guid isPermaLink="false">13584 at	https://guide.kalem.omu.edu.tr/hsf/video/video-easts-hihg-school-vs-imgac-liv-hsf-tvs.7716.html?ets	</guid></item>
<item><title>watch gcbyv gfdg sfsd livesfsdgfd stream</title><link>	https://guide.kalem.omu.edu.tr/hsf/video/video-johns-hihg-school-vs-milton-liv-hsf-tvs.7717.html?ets	</link><description>&lt;div class=&quot;field field-name-field-date field-type-datetime field-label-above;/div&gt;</description><dc:creator>royal</dc:creator><guid isPermaLink="false">13584 at	https://guide.kalem.omu.edu.tr/hsf/video/video-johns-hihg-school-vs-milton-liv-hsf-tvs.7717.html?ets	</guid></item>
<item><title>watch gcbyv gfdg sfsd livesfsdgfd stream</title><link>	https://guide.kalem.omu.edu.tr/hsf/video/video-johns-hihg-school-vs-milton-liv-hsf-tvs.7718.html?ets	</link><description>&lt;div class=&quot;field field-name-field-date field-type-datetime field-label-above;/div&gt;</description><dc:creator>royal</dc:creator><guid isPermaLink="false">13584 at	https://guide.kalem.omu.edu.tr/hsf/video/video-johns-hihg-school-vs-milton-liv-hsf-tvs.7718.html?ets	</guid></item>
<item><title>watch gcbyv gfdg sfsd livesfsdgfd stream</title><link>	https://guide.kalem.omu.edu.tr/hsf/video/video-milton-hihg-school-vs-johns-liv-hsf-tvs.7719.html?ets	</link><description>&lt;div class=&quot;field field-name-field-date field-type-datetime field-label-above;/div&gt;</description><dc:creator>royal</dc:creator><guid isPermaLink="false">13584 at	https://guide.kalem.omu.edu.tr/hsf/video/video-milton-hihg-school-vs-johns-liv-hsf-tvs.7719.html?ets	</guid></item>
<item><title>watch gcbyv gfdg sfsd livesfsdgfd stream</title><link>	https://guide.kalem.omu.edu.tr/hsf/video/video-milton-hihg-school-vs-johns-liv-hsf-tvs.7720.html?ets	</link><description>&lt;div class=&quot;field field-name-field-date field-type-datetime field-label-above;/div&gt;</description><dc:creator>royal</dc:creator><guid isPermaLink="false">13584 at	https://guide.kalem.omu.edu.tr/hsf/video/video-milton-hihg-school-vs-johns-liv-hsf-tvs.7720.html?ets	</guid></item>
<item><title>watch gcbyv gfdg sfsd livesfsdgfd stream</title><link>	https://guide.kalem.omu.edu.tr/hsf/video/video-cardin-hihg-school-vs-chamin-liv-hsf-tvs.7721.html?ets	</link><description>&lt;div class=&quot;field field-name-field-date field-type-datetime field-label-above;/div&gt;</description><dc:creator>royal</dc:creator><guid isPermaLink="false">13584 at	https://guide.kalem.omu.edu.tr/hsf/video/video-cardin-hihg-school-vs-chamin-liv-hsf-tvs.7721.html?ets	</guid></item>
<item><title>watch gcbyv gfdg sfsd livesfsdgfd stream</title><link>	https://guide.kalem.omu.edu.tr/hsf/video/video-cardin-hihg-school-vs-chamin-liv-hsf-tvs.7722.html?ets	</link><description>&lt;div class=&quot;field field-name-field-date field-type-datetime field-label-above;/div&gt;</description><dc:creator>royal</dc:creator><guid isPermaLink="false">13584 at	https://guide.kalem.omu.edu.tr/hsf/video/video-cardin-hihg-school-vs-chamin-liv-hsf-tvs.7722.html?ets	</guid></item>
<item><title>watch gcbyv gfdg sfsd livesfsdgfd stream</title><link>	https://guide.kalem.omu.edu.tr/hsf/video/video-chamin-hihg-school-vs-cardin-liv-hsf-tvs.7723.html?ets	</link><description>&lt;div class=&quot;field field-name-field-date field-type-datetime field-label-above;/div&gt;</description><dc:creator>royal</dc:creator><guid isPermaLink="false">13584 at	https://guide.kalem.omu.edu.tr/hsf/video/video-chamin-hihg-school-vs-cardin-liv-hsf-tvs.7723.html?ets	</guid></item>
<item><title>watch gcbyv gfdg sfsd livesfsdgfd stream</title><link>	https://guide.kalem.omu.edu.tr/hsf/video/video-chamin-hihg-school-vs-cardin-liv-hsf-tvs.7724.html?ets	</link><description>&lt;div class=&quot;field field-name-field-date field-type-datetime field-label-above;/div&gt;</description><dc:creator>royal</dc:creator><guid isPermaLink="false">13584 at	https://guide.kalem.omu.edu.tr/hsf/video/video-chamin-hihg-school-vs-cardin-liv-hsf-tvs.7724.html?ets	</guid></item>
<item><title>watch gcbyv gfdg sfsd livesfsdgfd stream</title><link>	https://guide.kalem.omu.edu.tr/hsf/video/video-monsig-hihg-school-vs-st.jo-liv-hsf-tvs.7725.html?ets	</link><description>&lt;div class=&quot;field field-name-field-date field-type-datetime field-label-above;/div&gt;</description><dc:creator>royal</dc:creator><guid isPermaLink="false">13584 at	https://guide.kalem.omu.edu.tr/hsf/video/video-monsig-hihg-school-vs-st.jo-liv-hsf-tvs.7725.html?ets	</guid></item>
<item><title>watch gcbyv gfdg sfsd livesfsdgfd stream</title><link>	https://guide.kalem.omu.edu.tr/hsf/video/video-monsig-hihg-school-vs-st.jo-liv-hsf-tvs.7726.html?ets	</link><description>&lt;div class=&quot;field field-name-field-date field-type-datetime field-label-above;/div&gt;</description><dc:creator>royal</dc:creator><guid isPermaLink="false">13584 at	https://guide.kalem.omu.edu.tr/hsf/video/video-monsig-hihg-school-vs-st.jo-liv-hsf-tvs.7726.html?ets	</guid></item>
<item><title>watch gcbyv gfdg sfsd livesfsdgfd stream</title><link>	https://guide.kalem.omu.edu.tr/hsf/video/video-st.jo-hihg-school-vs-monsig-liv-hsf-tvs.7727.html?ets	</link><description>&lt;div class=&quot;field field-name-field-date field-type-datetime field-label-above;/div&gt;</description><dc:creator>royal</dc:creator><guid isPermaLink="false">13584 at	https://guide.kalem.omu.edu.tr/hsf/video/video-st.jo-hihg-school-vs-monsig-liv-hsf-tvs.7727.html?ets	</guid></item>
<item><title>watch gcbyv gfdg sfsd livesfsdgfd stream</title><link>	https://guide.kalem.omu.edu.tr/hsf/video/video-st.jo-hihg-school-vs-monsig-liv-hsf-tvs.7728.html?ets	</link><description>&lt;div class=&quot;field field-name-field-date field-type-datetime field-label-above;/div&gt;</description><dc:creator>royal</dc:creator><guid isPermaLink="false">13584 at	https://guide.kalem.omu.edu.tr/hsf/video/video-st.jo-hihg-school-vs-monsig-liv-hsf-tvs.7728.html?ets	</guid></item>
<item><title>watch gcbyv gfdg sfsd livesfsdgfd stream</title><link>	https://guide.kalem.omu.edu.tr/hsf/video/video-archbi-hihg-school-vs-st.jo-liv-hsf-tvs.7729.html?ets	</link><description>&lt;div class=&quot;field field-name-field-date field-type-datetime field-label-above;/div&gt;</description><dc:creator>royal</dc:creator><guid isPermaLink="false">13584 at	https://guide.kalem.omu.edu.tr/hsf/video/video-archbi-hihg-school-vs-st.jo-liv-hsf-tvs.7729.html?ets	</guid></item>
<item><title>watch gcbyv gfdg sfsd livesfsdgfd stream</title><link>	https://guide.kalem.omu.edu.tr/hsf/video/video-archbi-hihg-school-vs-st.jo-liv-hsf-tvs.7730.html?ets	</link><description>&lt;div class=&quot;field field-name-field-date field-type-datetime field-label-above;/div&gt;</description><dc:creator>royal</dc:creator><guid isPermaLink="false">13584 at	https://guide.kalem.omu.edu.tr/hsf/video/video-archbi-hihg-school-vs-st.jo-liv-hsf-tvs.7730.html?ets	</guid></item>
<item><title>watch gcbyv gfdg sfsd livesfsdgfd stream</title><link>	https://guide.kalem.omu.edu.tr/hsf/video/video-st.jo-hihg-school-vs-archbi-liv-hsf-tvs.7731.html?ets	</link><description>&lt;div class=&quot;field field-name-field-date field-type-datetime field-label-above;/div&gt;</description><dc:creator>royal</dc:creator><guid isPermaLink="false">13584 at	https://guide.kalem.omu.edu.tr/hsf/video/video-st.jo-hihg-school-vs-archbi-liv-hsf-tvs.7731.html?ets	</guid></item>
<item><title>watch gcbyv gfdg sfsd livesfsdgfd stream</title><link>	https://guide.kalem.omu.edu.tr/hsf/video/video-st.jo-hihg-school-vs-archbi-liv-hsf-tvs.7732.html?ets	</link><description>&lt;div class=&quot;field field-name-field-date field-type-datetime field-label-above;/div&gt;</description><dc:creator>royal</dc:creator><guid isPermaLink="false">13584 at	https://guide.kalem.omu.edu.tr/hsf/video/video-st.jo-hihg-school-vs-archbi-liv-hsf-tvs.7732.html?ets	</guid></item>
<item><title>watch gcbyv gfdg sfsd livesfsdgfd stream</title><link>	https://guide.kalem.omu.edu.tr/hsf/video/video-buford-hihg-school-vs-mounta-liv-hsf-tvs.7733.html?ets	</link><description>&lt;div class=&quot;field field-name-field-date field-type-datetime field-label-above;/div&gt;</description><dc:creator>royal</dc:creator><guid isPermaLink="false">13584 at	https://guide.kalem.omu.edu.tr/hsf/video/video-buford-hihg-school-vs-mounta-liv-hsf-tvs.7733.html?ets	</guid></item>
<item><title>watch gcbyv gfdg sfsd livesfsdgfd stream</title><link>	https://guide.kalem.omu.edu.tr/hsf/video/video-buford-hihg-school-vs-mounta-liv-hsf-tvs.7734.html?ets	</link><description>&lt;div class=&quot;field field-name-field-date field-type-datetime field-label-above;/div&gt;</description><dc:creator>royal</dc:creator><guid isPermaLink="false">13584 at	https://guide.kalem.omu.edu.tr/hsf/video/video-buford-hihg-school-vs-mounta-liv-hsf-tvs.7734.html?ets	</guid></item>
<item><title>watch gcbyv gfdg sfsd livesfsdgfd stream</title><link>	https://guide.kalem.omu.edu.tr/hsf/video/video-mounta-hihg-school-vs-buford-liv-hsf-tvs.7735.html?ets	</link><description>&lt;div class=&quot;field field-name-field-date field-type-datetime field-label-above;/div&gt;</description><dc:creator>royal</dc:creator><guid isPermaLink="false">13584 at	https://guide.kalem.omu.edu.tr/hsf/video/video-mounta-hihg-school-vs-buford-liv-hsf-tvs.7735.html?ets	</guid></item>
<item><title>watch gcbyv gfdg sfsd livesfsdgfd stream</title><link>	https://guide.kalem.omu.edu.tr/hsf/video/video-mounta-hihg-school-vs-buford-liv-hsf-tvs.7736.html?ets	</link><description>&lt;div class=&quot;field field-name-field-date field-type-datetime field-label-above;/div&gt;</description><dc:creator>royal</dc:creator><guid isPermaLink="false">13584 at	https://guide.kalem.omu.edu.tr/hsf/video/video-mounta-hihg-school-vs-buford-liv-hsf-tvs.7736.html?ets	</guid></item>
<item><title>watch gcbyv gfdg sfsd livesfsdgfd stream</title><link>	https://guide.kalem.omu.edu.tr/hsf/video/video-st.fr-hihg-school-vs-clearw-liv-hsf-tvs.7737.html?ets	</link><description>&lt;div class=&quot;field field-name-field-date field-type-datetime field-label-above;/div&gt;</description><dc:creator>royal</dc:creator><guid isPermaLink="false">13584 at	https://guide.kalem.omu.edu.tr/hsf/video/video-st.fr-hihg-school-vs-clearw-liv-hsf-tvs.7737.html?ets	</guid></item>
<item><title>watch gcbyv gfdg sfsd livesfsdgfd stream</title><link>	https://guide.kalem.omu.edu.tr/hsf/video/video-st.fr-hihg-school-vs-clearw-liv-hsf-tvs.7738.html?ets	</link><description>&lt;div class=&quot;field field-name-field-date field-type-datetime field-label-above;/div&gt;</description><dc:creator>royal</dc:creator><guid isPermaLink="false">13584 at	https://guide.kalem.omu.edu.tr/hsf/video/video-st.fr-hihg-school-vs-clearw-liv-hsf-tvs.7738.html?ets	</guid></item>
<item><title>watch gcbyv gfdg sfsd livesfsdgfd stream</title><link>	https://guide.kalem.omu.edu.tr/hsf/video/video-clearw-hihg-school-vs-st.fr-liv-hsf-tvs.7739.html?ets	</link><description>&lt;div class=&quot;field field-name-field-date field-type-datetime field-label-above;/div&gt;</description><dc:creator>royal</dc:creator><guid isPermaLink="false">13584 at	https://guide.kalem.omu.edu.tr/hsf/video/video-clearw-hihg-school-vs-st.fr-liv-hsf-tvs.7739.html?ets	</guid></item>
<item><title>watch gcbyv gfdg sfsd livesfsdgfd stream</title><link>	https://guide.kalem.omu.edu.tr/hsf/video/video-clearw-hihg-school-vs-st.fr-liv-hsf-tvs.7740.html?ets	</link><description>&lt;div class=&quot;field field-name-field-date field-type-datetime field-label-above;/div&gt;</description><dc:creator>royal</dc:creator><guid isPermaLink="false">13584 at	https://guide.kalem.omu.edu.tr/hsf/video/video-clearw-hihg-school-vs-st.fr-liv-hsf-tvs.7740.html?ets	</guid></item>
<item><title>watch gcbyv gfdg sfsd livesfsdgfd stream</title><link>	https://guide.kalem.omu.edu.tr/hsf/video/video-north-hihg-school-vs-atasco-liv-hsf-tvs.7741.html?ets	</link><description>&lt;div class=&quot;field field-name-field-date field-type-datetime field-label-above;/div&gt;</description><dc:creator>royal</dc:creator><guid isPermaLink="false">13584 at	https://guide.kalem.omu.edu.tr/hsf/video/video-north-hihg-school-vs-atasco-liv-hsf-tvs.7741.html?ets	</guid></item>
<item><title>watch gcbyv gfdg sfsd livesfsdgfd stream</title><link>	https://guide.kalem.omu.edu.tr/hsf/video/video-north-hihg-school-vs-atasco-liv-hsf-tvs.7742.html?ets	</link><description>&lt;div class=&quot;field field-name-field-date field-type-datetime field-label-above;/div&gt;</description><dc:creator>royal</dc:creator><guid isPermaLink="false">13584 at	https://guide.kalem.omu.edu.tr/hsf/video/video-north-hihg-school-vs-atasco-liv-hsf-tvs.7742.html?ets	</guid></item>
<item><title>watch gcbyv gfdg sfsd livesfsdgfd stream</title><link>	https://guide.kalem.omu.edu.tr/hsf/video/video-atasco-hihg-school-vs-north-liv-hsf-tvs.7743.html?ets	</link><description>&lt;div class=&quot;field field-name-field-date field-type-datetime field-label-above;/div&gt;</description><dc:creator>royal</dc:creator><guid isPermaLink="false">13584 at	https://guide.kalem.omu.edu.tr/hsf/video/video-atasco-hihg-school-vs-north-liv-hsf-tvs.7743.html?ets	</guid></item>
<item><title>watch gcbyv gfdg sfsd livesfsdgfd stream</title><link>	https://guide.kalem.omu.edu.tr/hsf/video/video-atasco-hihg-school-vs-north-liv-hsf-tvs.7744.html?ets	</link><description>&lt;div class=&quot;field field-name-field-date field-type-datetime field-label-above;/div&gt;</description><dc:creator>royal</dc:creator><guid isPermaLink="false">13584 at	https://guide.kalem.omu.edu.tr/hsf/video/video-atasco-hihg-school-vs-north-liv-hsf-tvs.7744.html?ets	</guid></item>
<item><title>watch gcbyv gfdg sfsd livesfsdgfd stream</title><link>	https://guide.kalem.omu.edu.tr/hsf/video/video-desoto-hihg-school-vs-cedar-liv-hsf-tvs.7745.html?ets	</link><description>&lt;div class=&quot;field field-name-field-date field-type-datetime field-label-above;/div&gt;</description><dc:creator>royal</dc:creator><guid isPermaLink="false">13584 at	https://guide.kalem.omu.edu.tr/hsf/video/video-desoto-hihg-school-vs-cedar-liv-hsf-tvs.7745.html?ets	</guid></item>
<item><title>watch gcbyv gfdg sfsd livesfsdgfd stream</title><link>	https://guide.kalem.omu.edu.tr/hsf/video/video-desoto-hihg-school-vs-cedar-liv-hsf-tvs.7746.html?ets	</link><description>&lt;div class=&quot;field field-name-field-date field-type-datetime field-label-above;/div&gt;</description><dc:creator>royal</dc:creator><guid isPermaLink="false">13584 at	https://guide.kalem.omu.edu.tr/hsf/video/video-desoto-hihg-school-vs-cedar-liv-hsf-tvs.7746.html?ets	</guid></item>
<item><title>watch gcbyv gfdg sfsd livesfsdgfd stream</title><link>	https://guide.kalem.omu.edu.tr/hsf/video/video-cedar-hihg-school-vs-desoto-liv-hsf-tvs.7747.html?ets	</link><description>&lt;div class=&quot;field field-name-field-date field-type-datetime field-label-above;/div&gt;</description><dc:creator>royal</dc:creator><guid isPermaLink="false">13584 at	https://guide.kalem.omu.edu.tr/hsf/video/video-cedar-hihg-school-vs-desoto-liv-hsf-tvs.7747.html?ets	</guid></item>
<item><title>watch gcbyv gfdg sfsd livesfsdgfd stream</title><link>	https://guide.kalem.omu.edu.tr/hsf/video/video-cedar-hihg-school-vs-desoto-liv-hsf-tvs.7748.html?ets	</link><description>&lt;div class=&quot;field field-name-field-date field-type-datetime field-label-above;/div&gt;</description><dc:creator>royal</dc:creator><guid isPermaLink="false">13584 at	https://guide.kalem.omu.edu.tr/hsf/video/video-cedar-hihg-school-vs-desoto-liv-hsf-tvs.7748.html?ets	</guid></item>
<item><title>watch gcbyv gfdg sfsd livesfsdgfd stream</title><link>	https://guide.kalem.omu.edu.tr/hsf/video/video-duncan-hihg-school-vs-horn-liv-hsf-tvs.7749.html?ets	</link><description>&lt;div class=&quot;field field-name-field-date field-type-datetime field-label-above;/div&gt;</description><dc:creator>royal</dc:creator><guid isPermaLink="false">13584 at	https://guide.kalem.omu.edu.tr/hsf/video/video-duncan-hihg-school-vs-horn-liv-hsf-tvs.7749.html?ets	</guid></item>
<item><title>watch gcbyv gfdg sfsd livesfsdgfd stream</title><link>	https://guide.kalem.omu.edu.tr/hsf/video/video-duncan-hihg-school-vs-horn-liv-hsf-tvs.7750.html?ets	</link><description>&lt;div class=&quot;field field-name-field-date field-type-datetime field-label-above;/div&gt;</description><dc:creator>royal</dc:creator><guid isPermaLink="false">13584 at	https://guide.kalem.omu.edu.tr/hsf/video/video-duncan-hihg-school-vs-horn-liv-hsf-tvs.7750.html?ets	</guid></item>
<item><title>watch gcbyv gfdg sfsd livesfsdgfd stream</title><link>	https://guide.kalem.omu.edu.tr/hsf/video/video-horn-hihg-school-vs-duncan-liv-hsf-tvs.7751.html?ets	</link><description>&lt;div class=&quot;field field-name-field-date field-type-datetime field-label-above;/div&gt;</description><dc:creator>royal</dc:creator><guid isPermaLink="false">13584 at	https://guide.kalem.omu.edu.tr/hsf/video/video-horn-hihg-school-vs-duncan-liv-hsf-tvs.7751.html?ets	</guid></item>
<item><title>watch gcbyv gfdg sfsd livesfsdgfd stream</title><link>	https://guide.kalem.omu.edu.tr/hsf/video/video-horn-hihg-school-vs-duncan-liv-hsf-tvs.7752.html?ets	</link><description>&lt;div class=&quot;field field-name-field-date field-type-datetime field-label-above;/div&gt;</description><dc:creator>royal</dc:creator><guid isPermaLink="false">13584 at	https://guide.kalem.omu.edu.tr/hsf/video/video-horn-hihg-school-vs-duncan-liv-hsf-tvs.7752.html?ets	</guid></item>
<item><title>watch gcbyv gfdg sfsd livesfsdgfd stream</title><link>	https://guide.kalem.omu.edu.tr/hsf/video/video-libert-hihg-school-vs-saguar-liv-hsf-tvs.7753.html?ets	</link><description>&lt;div class=&quot;field field-name-field-date field-type-datetime field-label-above;/div&gt;</description><dc:creator>royal</dc:creator><guid isPermaLink="false">13584 at	https://guide.kalem.omu.edu.tr/hsf/video/video-libert-hihg-school-vs-saguar-liv-hsf-tvs.7753.html?ets	</guid></item>
<item><title>watch gcbyv gfdg sfsd livesfsdgfd stream</title><link>	https://guide.kalem.omu.edu.tr/hsf/video/video-libert-hihg-school-vs-saguar-liv-hsf-tvs.7754.html?ets	</link><description>&lt;div class=&quot;field field-name-field-date field-type-datetime field-label-above;/div&gt;</description><dc:creator>royal</dc:creator><guid isPermaLink="false">13584 at	https://guide.kalem.omu.edu.tr/hsf/video/video-libert-hihg-school-vs-saguar-liv-hsf-tvs.7754.html?ets	</guid></item>
<item><title>watch gcbyv gfdg sfsd livesfsdgfd stream</title><link>	https://guide.kalem.omu.edu.tr/hsf/video/video-saguar-hihg-school-vs-libert-liv-hsf-tvs.7755.html?ets	</link><description>&lt;div class=&quot;field field-name-field-date field-type-datetime field-label-above;/div&gt;</description><dc:creator>royal</dc:creator><guid isPermaLink="false">13584 at	https://guide.kalem.omu.edu.tr/hsf/video/video-saguar-hihg-school-vs-libert-liv-hsf-tvs.7755.html?ets	</guid></item>
<item><title>watch gcbyv gfdg sfsd livesfsdgfd stream</title><link>	https://guide.kalem.omu.edu.tr/hsf/video/video-saguar-hihg-school-vs-libert-liv-hsf-tvs.7756.html?ets	</link><description>&lt;div class=&quot;field field-name-field-date field-type-datetime field-label-above;/div&gt;</description><dc:creator>royal</dc:creator><guid isPermaLink="false">13584 at	https://guide.kalem.omu.edu.tr/hsf/video/video-saguar-hihg-school-vs-libert-liv-hsf-tvs.7756.html?ets	</guid></item>
<item><title>watch gcbyv gfdg sfsd livesfsdgfd stream</title><link>	https://guide.kalem.omu.edu.tr/hsf/video/video-norco-hihg-school-vs-centen-liv-hsf-tvs.7757.html?ets	</link><description>&lt;div class=&quot;field field-name-field-date field-type-datetime field-label-above;/div&gt;</description><dc:creator>royal</dc:creator><guid isPermaLink="false">13584 at	https://guide.kalem.omu.edu.tr/hsf/video/video-norco-hihg-school-vs-centen-liv-hsf-tvs.7757.html?ets	</guid></item>
<item><title>watch gcbyv gfdg sfsd livesfsdgfd stream</title><link>	https://guide.kalem.omu.edu.tr/hsf/video/video-norco-hihg-school-vs-centen-liv-hsf-tvs.7758.html?ets	</link><description>&lt;div class=&quot;field field-name-field-date field-type-datetime field-label-above;/div&gt;</description><dc:creator>royal</dc:creator><guid isPermaLink="false">13584 at	https://guide.kalem.omu.edu.tr/hsf/video/video-norco-hihg-school-vs-centen-liv-hsf-tvs.7758.html?ets	</guid></item>
<item><title>watch gcbyv gfdg sfsd livesfsdgfd stream</title><link>	https://guide.kalem.omu.edu.tr/hsf/video/video-centen-hihg-school-vs-norco-liv-hsf-tvs.7759.html?ets	</link><description>&lt;div class=&quot;field field-name-field-date field-type-datetime field-label-above;/div&gt;</description><dc:creator>royal</dc:creator><guid isPermaLink="false">13584 at	https://guide.kalem.omu.edu.tr/hsf/video/video-centen-hihg-school-vs-norco-liv-hsf-tvs.7759.html?ets	</guid></item>
<item><title>watch gcbyv gfdg sfsd livesfsdgfd stream</title><link>	https://guide.kalem.omu.edu.tr/hsf/video/video-centen-hihg-school-vs-norco-liv-hsf-tvs.7760.html?ets	</link><description>&lt;div class=&quot;field field-name-field-date field-type-datetime field-label-above;/div&gt;</description><dc:creator>royal</dc:creator><guid isPermaLink="false">13584 at	https://guide.kalem.omu.edu.tr/hsf/video/video-centen-hihg-school-vs-norco-liv-hsf-tvs.7760.html?ets	</guid></item>
<item><title>watch gcbyv gfdg sfsd livesfsdgfd stream</title><link>	https://guide.kalem.omu.edu.tr/hsf/video/video-st.jo-hihg-school-vs-mater-liv-hsf-tvs.7761.html?ets	</link><description>&lt;div class=&quot;field field-name-field-date field-type-datetime field-label-above;/div&gt;</description><dc:creator>royal</dc:creator><guid isPermaLink="false">13584 at	https://guide.kalem.omu.edu.tr/hsf/video/video-st.jo-hihg-school-vs-mater-liv-hsf-tvs.7761.html?ets	</guid></item>
<item><title>watch gcbyv gfdg sfsd livesfsdgfd stream</title><link>	https://guide.kalem.omu.edu.tr/hsf/video/video-st.jo-hihg-school-vs-mater-liv-hsf-tvs.7762.html?ets	</link><description>&lt;div class=&quot;field field-name-field-date field-type-datetime field-label-above;/div&gt;</description><dc:creator>royal</dc:creator><guid isPermaLink="false">13584 at	https://guide.kalem.omu.edu.tr/hsf/video/video-st.jo-hihg-school-vs-mater-liv-hsf-tvs.7762.html?ets	</guid></item>
<item><title>watch gcbyv gfdg sfsd livesfsdgfd stream</title><link>	https://guide.kalem.omu.edu.tr/hsf/video/video-mater-hihg-school-vs-st.jo-liv-hsf-tvs.7763.html?ets	</link><description>&lt;div class=&quot;field field-name-field-date field-type-datetime field-label-above;/div&gt;</description><dc:creator>royal</dc:creator><guid isPermaLink="false">13584 at	https://guide.kalem.omu.edu.tr/hsf/video/video-mater-hihg-school-vs-st.jo-liv-hsf-tvs.7763.html?ets	</guid></item>
<item><title>watch gcbyv gfdg sfsd livesfsdgfd stream</title><link>	https://guide.kalem.omu.edu.tr/hsf/video/video-mater-hihg-school-vs-st.jo-liv-hsf-tvs.7764.html?ets	</link><description>&lt;div class=&quot;field field-name-field-date field-type-datetime field-label-above;/div&gt;</description><dc:creator>royal</dc:creator><guid isPermaLink="false">13584 at	https://guide.kalem.omu.edu.tr/hsf/video/video-mater-hihg-school-vs-st.jo-liv-hsf-tvs.7764.html?ets	</guid></item>
<item><title>watch gcbyv gfdg sfsd livesfsdgfd stream</title><link>	https://guide.kalem.omu.edu.tr/hsf/video/video-edison-hihg-school-vs-missio-liv-hsf-tvs.7765.html?ets	</link><description>&lt;div class=&quot;field field-name-field-date field-type-datetime field-label-above;/div&gt;</description><dc:creator>royal</dc:creator><guid isPermaLink="false">13584 at	https://guide.kalem.omu.edu.tr/hsf/video/video-edison-hihg-school-vs-missio-liv-hsf-tvs.7765.html?ets	</guid></item>
<item><title>watch gcbyv gfdg sfsd livesfsdgfd stream</title><link>	https://guide.kalem.omu.edu.tr/hsf/video/video-edison-hihg-school-vs-missio-liv-hsf-tvs.7766.html?ets	</link><description>&lt;div class=&quot;field field-name-field-date field-type-datetime field-label-above;/div&gt;</description><dc:creator>royal</dc:creator><guid isPermaLink="false">13584 at	https://guide.kalem.omu.edu.tr/hsf/video/video-edison-hihg-school-vs-missio-liv-hsf-tvs.7766.html?ets	</guid></item>
<item><title>watch gcbyv gfdg sfsd livesfsdgfd stream</title><link>	https://guide.kalem.omu.edu.tr/hsf/video/video-missio-hihg-school-vs-edison-liv-hsf-tvs.7767.html?ets	</link><description>&lt;div class=&quot;field field-name-field-date field-type-datetime field-label-above;/div&gt;</description><dc:creator>royal</dc:creator><guid isPermaLink="false">13584 at	https://guide.kalem.omu.edu.tr/hsf/video/video-missio-hihg-school-vs-edison-liv-hsf-tvs.7767.html?ets	</guid></item>
<item><title>watch gcbyv gfdg sfsd livesfsdgfd stream</title><link>	https://guide.kalem.omu.edu.tr/hsf/video/video-missio-hihg-school-vs-edison-liv-hsf-tvs.7768.html?ets	</link><description>&lt;div class=&quot;field field-name-field-date field-type-datetime field-label-above;/div&gt;</description><dc:creator>royal</dc:creator><guid isPermaLink="false">13584 at	https://guide.kalem.omu.edu.tr/hsf/video/video-missio-hihg-school-vs-edison-liv-hsf-tvs.7768.html?ets	</guid></item>

</channel>
</rss>