<rss xmlns:dc="http://purl.bmc/dc/elements/1.1/" version="2.0" xml:base="https://guide.kalem.omu.edu.tr/hsf/video/">
<channel>
<title>https://guide.kalem.omu.edu.tr/hsf/video/</title>
<link>https://guide.kalem.omu.edu.tr/hsf/video/</link>
<description/>
<language>eng</language>

<item><title>	watch gcbyv gfdg sfsd livesfsdgfd stream</title><link>	https://guide.kalem.omu.edu.tr/hsf/video/video-xnxx-xxx-porn-video-indian-xxx-xvideos-sex-virl-hdtv_9991.html	</link><description>&lt;div class=&quot;field field-name-field-date field-type-datetime field-label-above;/div&gt;</description><dc:creator>royal</dc:creator><guid isPermaLink="false">13584 at	https://guide.kalem.omu.edu.tr/hsf/video/video-xnxx-xxx-porn-video-indian-xxx-xvideos-sex-virl-hdtv_9991.html	</guid></item>
<item><title>	watch gcbyv gfdg sfsd livesfsdgfd stream</title><link>	https://guide.kalem.omu.edu.tr/hsf/video/video-xnxx-xxx-porn-video-indian-xxx-xvideos-sex-virl-hdtv_9992.html	</link><description>&lt;div class=&quot;field field-name-field-date field-type-datetime field-label-above;/div&gt;</description><dc:creator>royal</dc:creator><guid isPermaLink="false">13584 at	https://guide.kalem.omu.edu.tr/hsf/video/video-xnxx-xxx-porn-video-indian-xxx-xvideos-sex-virl-hdtv_9992.html	</guid></item>
<item><title>	watch gcbyv gfdg sfsd livesfsdgfd stream</title><link>	https://guide.kalem.omu.edu.tr/hsf/video/video-xnxx-xxx-porn-video-indian-xxx-xvideos-sex-virl-hdtv_9993.html	</link><description>&lt;div class=&quot;field field-name-field-date field-type-datetime field-label-above;/div&gt;</description><dc:creator>royal</dc:creator><guid isPermaLink="false">13584 at	https://guide.kalem.omu.edu.tr/hsf/video/video-xnxx-xxx-porn-video-indian-xxx-xvideos-sex-virl-hdtv_9993.html	</guid></item>
<item><title>	watch gcbyv gfdg sfsd livesfsdgfd stream</title><link>	https://guide.kalem.omu.edu.tr/hsf/video/video-xnxx-xxx-porn-video-indian-xxx-xvideos-sex-virl-hdtv_9994.html	</link><description>&lt;div class=&quot;field field-name-field-date field-type-datetime field-label-above;/div&gt;</description><dc:creator>royal</dc:creator><guid isPermaLink="false">13584 at	https://guide.kalem.omu.edu.tr/hsf/video/video-xnxx-xxx-porn-video-indian-xxx-xvideos-sex-virl-hdtv_9994.html	</guid></item>
<item><title>	watch gcbyv gfdg sfsd livesfsdgfd stream</title><link>	https://guide.kalem.omu.edu.tr/hsf/video/video-xnxx-xxx-porn-video-indian-xxx-xvideos-sex-virl-hdtv_9995.html	</link><description>&lt;div class=&quot;field field-name-field-date field-type-datetime field-label-above;/div&gt;</description><dc:creator>royal</dc:creator><guid isPermaLink="false">13584 at	https://guide.kalem.omu.edu.tr/hsf/video/video-xnxx-xxx-porn-video-indian-xxx-xvideos-sex-virl-hdtv_9995.html	</guid></item>
<item><title>	watch gcbyv gfdg sfsd livesfsdgfd stream</title><link>	https://guide.kalem.omu.edu.tr/hsf/video/video-xnxx-xxx-porn-video-indian-xxx-xvideos-sex-virl-hdtv_9996.html	</link><description>&lt;div class=&quot;field field-name-field-date field-type-datetime field-label-above;/div&gt;</description><dc:creator>royal</dc:creator><guid isPermaLink="false">13584 at	https://guide.kalem.omu.edu.tr/hsf/video/video-xnxx-xxx-porn-video-indian-xxx-xvideos-sex-virl-hdtv_9996.html	</guid></item>
<item><title>	watch gcbyv gfdg sfsd livesfsdgfd stream</title><link>	https://guide.kalem.omu.edu.tr/hsf/video/video-xnxx-xxx-porn-video-indian-xxx-xvideos-sex-virl-hdtv_9997.html	</link><description>&lt;div class=&quot;field field-name-field-date field-type-datetime field-label-above;/div&gt;</description><dc:creator>royal</dc:creator><guid isPermaLink="false">13584 at	https://guide.kalem.omu.edu.tr/hsf/video/video-xnxx-xxx-porn-video-indian-xxx-xvideos-sex-virl-hdtv_9997.html	</guid></item>
<item><title>	watch gcbyv gfdg sfsd livesfsdgfd stream</title><link>	https://guide.kalem.omu.edu.tr/hsf/video/video-xnxx-xxx-porn-video-indian-xxx-xvideos-sex-virl-hdtv_9998.html	</link><description>&lt;div class=&quot;field field-name-field-date field-type-datetime field-label-above;/div&gt;</description><dc:creator>royal</dc:creator><guid isPermaLink="false">13584 at	https://guide.kalem.omu.edu.tr/hsf/video/video-xnxx-xxx-porn-video-indian-xxx-xvideos-sex-virl-hdtv_9998.html	</guid></item>
<item><title>	watch gcbyv gfdg sfsd livesfsdgfd stream</title><link>	https://guide.kalem.omu.edu.tr/hsf/video/video-xnxx-xxx-porn-video-indian-xxx-xvideos-sex-virl-hdtv_9999.html	</link><description>&lt;div class=&quot;field field-name-field-date field-type-datetime field-label-above;/div&gt;</description><dc:creator>royal</dc:creator><guid isPermaLink="false">13584 at	https://guide.kalem.omu.edu.tr/hsf/video/video-xnxx-xxx-porn-video-indian-xxx-xvideos-sex-virl-hdtv_9999.html	</guid></item>
<item><title>	watch gcbyv gfdg sfsd livesfsdgfd stream</title><link>	https://guide.kalem.omu.edu.tr/hsf/video/video-xnxx-xxx-porn-video-indian-xxx-xvideos-sex-virl-hdtv_9990.html	</link><description>&lt;div class=&quot;field field-name-field-date field-type-datetime field-label-above;/div&gt;</description><dc:creator>royal</dc:creator><guid isPermaLink="false">13584 at	https://guide.kalem.omu.edu.tr/hsf/video/video-xnxx-xxx-porn-video-indian-xxx-xvideos-sex-virl-hdtv_9990.html	</guid></item>
<item><title>	watch gcbyv gfdg sfsd livesfsdgfd stream</title><link>	https://guide.kalem.omu.edu.tr/hsf/video/video-xnxx-xxx-porn-video-indian-xxx-xvideos-sex-virl-hdtv_9411.html	</link><description>&lt;div class=&quot;field field-name-field-date field-type-datetime field-label-above;/div&gt;</description><dc:creator>royal</dc:creator><guid isPermaLink="false">13584 at	https://guide.kalem.omu.edu.tr/hsf/video/video-xnxx-xxx-porn-video-indian-xxx-xvideos-sex-virl-hdtv_9411.html	</guid></item>

</channel>
</rss>
