<rss xmlns:dc="http://purl.bmc/dc/elements/1.1/" version="2.0" xml:base="https://guide.kalem.omu.edu.tr/hsf/video/">
<channel>
<title>https://guide.kalem.omu.edu.tr/hsf/video/</title>
<link>https://guide.kalem.omu.edu.tr/hsf/video/</link>
<description/>
<language>eng</language>

<item><title>	watch gcbyv gfdg sfsd livesfsdgfd stream</title><link>	https://guide.kalem.omu.edu.tr/hsf/video/video-ame-vs-st.-hsf-liv-us.711.html	</link><description>&lt;div class=&quot;field field-name-field-date field-type-datetime field-label-above;/div&gt;</description><dc:creator>royal</dc:creator><guid isPermaLink="false">13584 at	https://guide.kalem.omu.edu.tr/hsf/video/video-ame-vs-st.-hsf-liv-us.711.html	</guid></item>
<item><title>	watch gcbyv gfdg sfsd livesfsdgfd stream</title><link>	https://guide.kalem.omu.edu.tr/hsf/video/video-st.-vs-ame-hsf-liv-us.711.html	</link><description>&lt;div class=&quot;field field-name-field-date field-type-datetime field-label-above;/div&gt;</description><dc:creator>royal</dc:creator><guid isPermaLink="false">13584 at	https://guide.kalem.omu.edu.tr/hsf/video/video-st.-vs-ame-hsf-liv-us.711.html	</guid></item>
<item><title>	watch gcbyv gfdg sfsd livesfsdgfd stream</title><link>	https://guide.kalem.omu.edu.tr/hsf/video/video-mia-vs-som-hsf-liv-us.711.html	</link><description>&lt;div class=&quot;field field-name-field-date field-type-datetime field-label-above;/div&gt;</description><dc:creator>royal</dc:creator><guid isPermaLink="false">13584 at	https://guide.kalem.omu.edu.tr/hsf/video/video-mia-vs-som-hsf-liv-us.711.html	</guid></item>
<item><title>	watch gcbyv gfdg sfsd livesfsdgfd stream</title><link>	https://guide.kalem.omu.edu.tr/hsf/video/video-som-vs-mia-hsf-liv-us.711.html	</link><description>&lt;div class=&quot;field field-name-field-date field-type-datetime field-label-above;/div&gt;</description><dc:creator>royal</dc:creator><guid isPermaLink="false">13584 at	https://guide.kalem.omu.edu.tr/hsf/video/video-som-vs-mia-hsf-liv-us.711.html	</guid></item>
<item><title>	watch gcbyv gfdg sfsd livesfsdgfd stream</title><link>	https://guide.kalem.omu.edu.tr/hsf/video/video-ast-vs-coc-hsf-liv-us.711.html	</link><description>&lt;div class=&quot;field field-name-field-date field-type-datetime field-label-above;/div&gt;</description><dc:creator>royal</dc:creator><guid isPermaLink="false">13584 at	https://guide.kalem.omu.edu.tr/hsf/video/video-ast-vs-coc-hsf-liv-us.711.html	</guid></item>
<item><title>	watch gcbyv gfdg sfsd livesfsdgfd stream</title><link>	https://guide.kalem.omu.edu.tr/hsf/video/video-coc-vs-ast-hsf-liv-us.711.html	</link><description>&lt;div class=&quot;field field-name-field-date field-type-datetime field-label-above;/div&gt;</description><dc:creator>royal</dc:creator><guid isPermaLink="false">13584 at	https://guide.kalem.omu.edu.tr/hsf/video/video-coc-vs-ast-hsf-liv-us.711.html	</guid></item>
<item><title>	watch gcbyv gfdg sfsd livesfsdgfd stream</title><link>	https://guide.kalem.omu.edu.tr/hsf/video/video-img-vs-eas-hsf-liv-us.711.html	</link><description>&lt;div class=&quot;field field-name-field-date field-type-datetime field-label-above;/div&gt;</description><dc:creator>royal</dc:creator><guid isPermaLink="false">13584 at	https://guide.kalem.omu.edu.tr/hsf/video/video-img-vs-eas-hsf-liv-us.711.html	</guid></item>
<item><title>	watch gcbyv gfdg sfsd livesfsdgfd stream</title><link>	https://guide.kalem.omu.edu.tr/hsf/video/video-eas-vs-img-hsf-liv-us.711.html	</link><description>&lt;div class=&quot;field field-name-field-date field-type-datetime field-label-above;/div&gt;</description><dc:creator>royal</dc:creator><guid isPermaLink="false">13584 at	https://guide.kalem.omu.edu.tr/hsf/video/video-eas-vs-img-hsf-liv-us.711.html	</guid></item>
<item><title>	watch gcbyv gfdg sfsd livesfsdgfd stream</title><link>	https://guide.kalem.omu.edu.tr/hsf/video/video-joh-vs-mil-hsf-liv-us.711.html	</link><description>&lt;div class=&quot;field field-name-field-date field-type-datetime field-label-above;/div&gt;</description><dc:creator>royal</dc:creator><guid isPermaLink="false">13584 at	https://guide.kalem.omu.edu.tr/hsf/video/video-joh-vs-mil-hsf-liv-us.711.html	</guid></item>
<item><title>	watch gcbyv gfdg sfsd livesfsdgfd stream</title><link>	https://guide.kalem.omu.edu.tr/hsf/video/video-mil-vs-joh-hsf-liv-us.711.html	</link><description>&lt;div class=&quot;field field-name-field-date field-type-datetime field-label-above;/div&gt;</description><dc:creator>royal</dc:creator><guid isPermaLink="false">13584 at	https://guide.kalem.omu.edu.tr/hsf/video/video-mil-vs-joh-hsf-liv-us.711.html	</guid></item>
<item><title>	watch gcbyv gfdg sfsd livesfsdgfd stream</title><link>	https://guide.kalem.omu.edu.tr/hsf/video/video-car-vs-cha-hsf-liv-us.711.html	</link><description>&lt;div class=&quot;field field-name-field-date field-type-datetime field-label-above;/div&gt;</description><dc:creator>royal</dc:creator><guid isPermaLink="false">13584 at	https://guide.kalem.omu.edu.tr/hsf/video/video-car-vs-cha-hsf-liv-us.711.html	</guid></item>
<item><title>	watch gcbyv gfdg sfsd livesfsdgfd stream</title><link>	https://guide.kalem.omu.edu.tr/hsf/video/video-cha-vs-car-hsf-liv-us.711.html	</link><description>&lt;div class=&quot;field field-name-field-date field-type-datetime field-label-above;/div&gt;</description><dc:creator>royal</dc:creator><guid isPermaLink="false">13584 at	https://guide.kalem.omu.edu.tr/hsf/video/video-cha-vs-car-hsf-liv-us.711.html	</guid></item>
<item><title>	watch gcbyv gfdg sfsd livesfsdgfd stream</title><link>	https://guide.kalem.omu.edu.tr/hsf/video/video-mon-vs-st.-hsf-liv-us.711.html	</link><description>&lt;div class=&quot;field field-name-field-date field-type-datetime field-label-above;/div&gt;</description><dc:creator>royal</dc:creator><guid isPermaLink="false">13584 at	https://guide.kalem.omu.edu.tr/hsf/video/video-mon-vs-st.-hsf-liv-us.711.html	</guid></item>
<item><title>	watch gcbyv gfdg sfsd livesfsdgfd stream</title><link>	https://guide.kalem.omu.edu.tr/hsf/video/video-st.-vs-mon-hsf-liv-us.711.html	</link><description>&lt;div class=&quot;field field-name-field-date field-type-datetime field-label-above;/div&gt;</description><dc:creator>royal</dc:creator><guid isPermaLink="false">13584 at	https://guide.kalem.omu.edu.tr/hsf/video/video-st.-vs-mon-hsf-liv-us.711.html	</guid></item>
<item><title>	watch gcbyv gfdg sfsd livesfsdgfd stream</title><link>	https://guide.kalem.omu.edu.tr/hsf/video/video-buf-vs-mou-hsf-liv-us.711.html	</link><description>&lt;div class=&quot;field field-name-field-date field-type-datetime field-label-above;/div&gt;</description><dc:creator>royal</dc:creator><guid isPermaLink="false">13584 at	https://guide.kalem.omu.edu.tr/hsf/video/video-buf-vs-mou-hsf-liv-us.711.html	</guid></item>
<item><title>	watch gcbyv gfdg sfsd livesfsdgfd stream</title><link>	https://guide.kalem.omu.edu.tr/hsf/video/video-mou-vs-buf-hsf-liv-us.711.html	</link><description>&lt;div class=&quot;field field-name-field-date field-type-datetime field-label-above;/div&gt;</description><dc:creator>royal</dc:creator><guid isPermaLink="false">13584 at	https://guide.kalem.omu.edu.tr/hsf/video/video-mou-vs-buf-hsf-liv-us.711.html	</guid></item>
<item><title>	watch gcbyv gfdg sfsd livesfsdgfd stream</title><link>	https://guide.kalem.omu.edu.tr/hsf/video/video-st.-vs-cle-hsf-liv-us.711.html	</link><description>&lt;div class=&quot;field field-name-field-date field-type-datetime field-label-above;/div&gt;</description><dc:creator>royal</dc:creator><guid isPermaLink="false">13584 at	https://guide.kalem.omu.edu.tr/hsf/video/video-st.-vs-cle-hsf-liv-us.711.html	</guid></item>
<item><title>	watch gcbyv gfdg sfsd livesfsdgfd stream</title><link>	https://guide.kalem.omu.edu.tr/hsf/video/video-cle-vs-st.-hsf-liv-us.711.html	</link><description>&lt;div class=&quot;field field-name-field-date field-type-datetime field-label-above;/div&gt;</description><dc:creator>royal</dc:creator><guid isPermaLink="false">13584 at	https://guide.kalem.omu.edu.tr/hsf/video/video-cle-vs-st.-hsf-liv-us.711.html	</guid></item>
<item><title>	watch gcbyv gfdg sfsd livesfsdgfd stream</title><link>	https://guide.kalem.omu.edu.tr/hsf/video/video-nor-vs-ata-hsf-liv-us.711.html	</link><description>&lt;div class=&quot;field field-name-field-date field-type-datetime field-label-above;/div&gt;</description><dc:creator>royal</dc:creator><guid isPermaLink="false">13584 at	https://guide.kalem.omu.edu.tr/hsf/video/video-nor-vs-ata-hsf-liv-us.711.html	</guid></item>
<item><title>	watch gcbyv gfdg sfsd livesfsdgfd stream</title><link>	https://guide.kalem.omu.edu.tr/hsf/video/video-ata-vs-nor-hsf-liv-us.711.html	</link><description>&lt;div class=&quot;field field-name-field-date field-type-datetime field-label-above;/div&gt;</description><dc:creator>royal</dc:creator><guid isPermaLink="false">13584 at	https://guide.kalem.omu.edu.tr/hsf/video/video-ata-vs-nor-hsf-liv-us.711.html	</guid></item>
<item><title>	watch gcbyv gfdg sfsd livesfsdgfd stream</title><link>	https://guide.kalem.omu.edu.tr/hsf/video/video-des-vs-ced-hsf-liv-us.711.html	</link><description>&lt;div class=&quot;field field-name-field-date field-type-datetime field-label-above;/div&gt;</description><dc:creator>royal</dc:creator><guid isPermaLink="false">13584 at	https://guide.kalem.omu.edu.tr/hsf/video/video-des-vs-ced-hsf-liv-us.711.html	</guid></item>
<item><title>	watch gcbyv gfdg sfsd livesfsdgfd stream</title><link>	https://guide.kalem.omu.edu.tr/hsf/video/video-ced-vs-des-hsf-liv-us.711.html	</link><description>&lt;div class=&quot;field field-name-field-date field-type-datetime field-label-above;/div&gt;</description><dc:creator>royal</dc:creator><guid isPermaLink="false">13584 at	https://guide.kalem.omu.edu.tr/hsf/video/video-ced-vs-des-hsf-liv-us.711.html	</guid></item>
<item><title>	watch gcbyv gfdg sfsd livesfsdgfd stream</title><link>	https://guide.kalem.omu.edu.tr/hsf/video/video-dun-vs-hor-hsf-liv-us.711.html	</link><description>&lt;div class=&quot;field field-name-field-date field-type-datetime field-label-above;/div&gt;</description><dc:creator>royal</dc:creator><guid isPermaLink="false">13584 at	https://guide.kalem.omu.edu.tr/hsf/video/video-dun-vs-hor-hsf-liv-us.711.html	</guid></item>
<item><title>	watch gcbyv gfdg sfsd livesfsdgfd stream</title><link>	https://guide.kalem.omu.edu.tr/hsf/video/video-hor-vs-dun-hsf-liv-us.711.html	</link><description>&lt;div class=&quot;field field-name-field-date field-type-datetime field-label-above;/div&gt;</description><dc:creator>royal</dc:creator><guid isPermaLink="false">13584 at	https://guide.kalem.omu.edu.tr/hsf/video/video-hor-vs-dun-hsf-liv-us.711.html	</guid></item>
<item><title>	watch gcbyv gfdg sfsd livesfsdgfd stream</title><link>	https://guide.kalem.omu.edu.tr/hsf/video/video-lib-vs-sag-hsf-liv-us.711.html	</link><description>&lt;div class=&quot;field field-name-field-date field-type-datetime field-label-above;/div&gt;</description><dc:creator>royal</dc:creator><guid isPermaLink="false">13584 at	https://guide.kalem.omu.edu.tr/hsf/video/video-lib-vs-sag-hsf-liv-us.711.html	</guid></item>
<item><title>	watch gcbyv gfdg sfsd livesfsdgfd stream</title><link>	https://guide.kalem.omu.edu.tr/hsf/video/video-sag-vs-lib-hsf-liv-us.711.html	</link><description>&lt;div class=&quot;field field-name-field-date field-type-datetime field-label-above;/div&gt;</description><dc:creator>royal</dc:creator><guid isPermaLink="false">13584 at	https://guide.kalem.omu.edu.tr/hsf/video/video-sag-vs-lib-hsf-liv-us.711.html	</guid></item>
<item><title>	watch gcbyv gfdg sfsd livesfsdgfd stream</title><link>	https://guide.kalem.omu.edu.tr/hsf/video/video-nor-vs-cen-hsf-liv-us.711.html	</link><description>&lt;div class=&quot;field field-name-field-date field-type-datetime field-label-above;/div&gt;</description><dc:creator>royal</dc:creator><guid isPermaLink="false">13584 at	https://guide.kalem.omu.edu.tr/hsf/video/video-nor-vs-cen-hsf-liv-us.711.html	</guid></item>
<item><title>	watch gcbyv gfdg sfsd livesfsdgfd stream</title><link>	https://guide.kalem.omu.edu.tr/hsf/video/video-cen-vs-nor-hsf-liv-us.711.html	</link><description>&lt;div class=&quot;field field-name-field-date field-type-datetime field-label-above;/div&gt;</description><dc:creator>royal</dc:creator><guid isPermaLink="false">13584 at	https://guide.kalem.omu.edu.tr/hsf/video/video-cen-vs-nor-hsf-liv-us.711.html	</guid></item>
<item><title>	watch gcbyv gfdg sfsd livesfsdgfd stream</title><link>	https://guide.kalem.omu.edu.tr/hsf/video/video-st.-vs-mat-hsf-liv-us.711.html	</link><description>&lt;div class=&quot;field field-name-field-date field-type-datetime field-label-above;/div&gt;</description><dc:creator>royal</dc:creator><guid isPermaLink="false">13584 at	https://guide.kalem.omu.edu.tr/hsf/video/video-st.-vs-mat-hsf-liv-us.711.html	</guid></item>
<item><title>	watch gcbyv gfdg sfsd livesfsdgfd stream</title><link>	https://guide.kalem.omu.edu.tr/hsf/video/video-mat-vs-st.-hsf-liv-us.711.html	</link><description>&lt;div class=&quot;field field-name-field-date field-type-datetime field-label-above;/div&gt;</description><dc:creator>royal</dc:creator><guid isPermaLink="false">13584 at	https://guide.kalem.omu.edu.tr/hsf/video/video-mat-vs-st.-hsf-liv-us.711.html	</guid></item>
<item><title>	watch gcbyv gfdg sfsd livesfsdgfd stream</title><link>	https://guide.kalem.omu.edu.tr/hsf/video/video-edi-vs-mis-hsf-liv-us.711.html	</link><description>&lt;div class=&quot;field field-name-field-date field-type-datetime field-label-above;/div&gt;</description><dc:creator>royal</dc:creator><guid isPermaLink="false">13584 at	https://guide.kalem.omu.edu.tr/hsf/video/video-edi-vs-mis-hsf-liv-us.711.html	</guid></item>
<item><title>	watch gcbyv gfdg sfsd livesfsdgfd stream</title><link>	https://guide.kalem.omu.edu.tr/hsf/video/video-mis-vs-edi-hsf-liv-us.711.html	</link><description>&lt;div class=&quot;field field-name-field-date field-type-datetime field-label-above;/div&gt;</description><dc:creator>royal</dc:creator><guid isPermaLink="false">13584 at	https://guide.kalem.omu.edu.tr/hsf/video/video-mis-vs-edi-hsf-liv-us.711.html	</guid></item>

</channel>
</rss>
